4,4_train_0_.h5
8,4_train_0_.h5
9,4_train_0_.h5
10,4_train_0_.h5
11,4_train_0_.h5
12,4_train_0_.h5
14,4_train_0_.h5
15,4_train_0_.h5
16,4_train_0_.h5
17,4_train_0_.h5
20,4_train_0_.h5
21,4_train_0_.h5
22,4_train_0_.h5
26,4_train_0_.h5
28,4_train_0_.h5
29,4_train_0_.h5
31,4_train_0_.h5
32,4_train_0_.h5
33,4_train_0_.h5
34,4_train_0_.h5
35,4_train_0_.h5
38,4_train_0_.h5
40,4_train_0_.h5
41,4_train_0_.h5
45,4_train_0_.h5
47,4_train_0_.h5
48,4_train_0_.h5
51,4_train_0_.h5
53,4_train_0_.h5
55,4_train_0_.h5
57,4_train_0_.h5
59,4_train_0_.h5
60,4_train_0_.h5
61,4_train_0_.h5
63,4_train_0_.h5
64,4_train_0_.h5
65,4_train_0_.h5
66,4_train_0_.h5
69,4_train_0_.h5
70,4_train_0_.h5
72,4_train_0_.h5
74,4_train_0_.h5
75,4_train_0_.h5
77,4_train_0_.h5
78,4_train_0_.h5
80,4_train_0_.h5
81,4_train_0_.h5
82,4_train_0_.h5
87,4_train_0_.h5
90,4_train_0_.h5
91,4_train_0_.h5
92,4_train_0_.h5
93,4_train_0_.h5
94,4_train_0_.h5
97,4_train_0_.h5
98,4_train_0_.h5
99,4_train_0_.h5
103,4_train_0_.h5
105,4_train_0_.h5
106,4_train_0_.h5
107,4_train_0_.h5
108,4_train_0_.h5
110,4_train_0_.h5
112,4_train_0_.h5
114,4_train_0_.h5
115,4_train_0_.h5
119,4_train_0_.h5
120,4_train_0_.h5
123,4_train_0_.h5
124,4_train_0_.h5
126,4_train_0_.h5
128,4_train_0_.h5
129,4_train_0_.h5
130,4_train_0_.h5
131,4_train_0_.h5
135,4_train_0_.h5
136,4_train_0_.h5
138,4_train_0_.h5
139,4_train_0_.h5
140,4_train_0_.h5
141,4_train_0_.h5
142,4_train_0_.h5
145,4_train_0_.h5
146,4_train_0_.h5
149,4_train_0_.h5
150,4_train_0_.h5
154,4_train_0_.h5
156,4_train_0_.h5
159,4_train_0_.h5
160,4_train_0_.h5
161,4_train_0_.h5
162,4_train_0_.h5
168,4_train_0_.h5
171,4_train_0_.h5
172,4_train_0_.h5
173,4_train_0_.h5
178,4_train_0_.h5
186,4_train_0_.h5
189,4_train_0_.h5
190,4_train_0_.h5
193,4_train_0_.h5
195,4_train_0_.h5
196,4_train_0_.h5
197,4_train_0_.h5
198,4_train_0_.h5
202,4_train_0_.h5
203,4_train_0_.h5
208,4_train_0_.h5
212,4_train_0_.h5
213,4_train_0_.h5
214,4_train_0_.h5
217,4_train_0_.h5
222,4_train_0_.h5
225,4_train_0_.h5
232,4_train_0_.h5
234,4_train_0_.h5
235,4_train_0_.h5
236,4_train_0_.h5
237,4_train_0_.h5
238,4_train_0_.h5
239,4_train_0_.h5
242,4_train_0_.h5
244,4_train_0_.h5
246,4_train_0_.h5
249,4_train_0_.h5
251,4_train_0_.h5
252,4_train_0_.h5
254,4_train_0_.h5
260,4_train_0_.h5
261,4_train_0_.h5
262,4_train_0_.h5
263,4_train_0_.h5
269,4_train_0_.h5
272,4_train_0_.h5
273,4_train_0_.h5
277,4_train_0_.h5
278,4_train_0_.h5
282,4_train_0_.h5
283,4_train_0_.h5
286,4_train_0_.h5
288,4_train_0_.h5
291,4_train_0_.h5
292,4_train_0_.h5
295,4_train_0_.h5
296,4_train_0_.h5
297,4_train_0_.h5
299,4_train_0_.h5
301,4_train_0_.h5
302,4_train_0_.h5
303,4_train_0_.h5
305,4_train_0_.h5
306,4_train_0_.h5
307,4_train_0_.h5
308,4_train_0_.h5
312,4_train_0_.h5
313,4_train_0_.h5
315,4_train_0_.h5
323,4_train_0_.h5
326,4_train_0_.h5
327,4_train_0_.h5
329,4_train_0_.h5
330,4_train_0_.h5
332,4_train_0_.h5
333,4_train_0_.h5
334,4_train_0_.h5
335,4_train_0_.h5
338,4_train_0_.h5
339,4_train_0_.h5
342,4_train_0_.h5
343,4_train_0_.h5
344,4_train_0_.h5
349,4_train_0_.h5
351,4_train_0_.h5
352,4_train_0_.h5
353,4_train_0_.h5
354,4_train_0_.h5
356,4_train_0_.h5
357,4_train_0_.h5
359,4_train_0_.h5
365,4_train_0_.h5
367,4_train_0_.h5
368,4_train_0_.h5
369,4_train_0_.h5
370,4_train_0_.h5
372,4_train_0_.h5
373,4_train_0_.h5
378,4_train_0_.h5
381,4_train_0_.h5
383,4_train_0_.h5
384,4_train_0_.h5
385,4_train_0_.h5
386,4_train_0_.h5
389,4_train_0_.h5
391,4_train_0_.h5
394,4_train_0_.h5
395,4_train_0_.h5
397,4_train_0_.h5
399,4_train_0_.h5
400,4_train_0_.h5
401,4_train_0_.h5
402,4_train_0_.h5
405,4_train_0_.h5
406,4_train_0_.h5
407,4_train_0_.h5
408,4_train_0_.h5
409,4_train_0_.h5
412,4_train_0_.h5
413,4_train_0_.h5
414,4_train_0_.h5
415,4_train_0_.h5
416,4_train_0_.h5
417,4_train_0_.h5
418,4_train_0_.h5
420,4_train_0_.h5
421,4_train_0_.h5
423,4_train_0_.h5
424,4_train_0_.h5
425,4_train_0_.h5
426,4_train_0_.h5
428,4_train_0_.h5
429,4_train_0_.h5
436,4_train_0_.h5
438,4_train_0_.h5
440,4_train_0_.h5
442,4_train_0_.h5
448,4_train_0_.h5
456,4_train_0_.h5
457,4_train_0_.h5
458,4_train_0_.h5
459,4_train_0_.h5
461,4_train_0_.h5
462,4_train_0_.h5
463,4_train_0_.h5
464,4_train_0_.h5
465,4_train_0_.h5
466,4_train_0_.h5
469,4_train_0_.h5
470,4_train_0_.h5
471,4_train_0_.h5
472,4_train_0_.h5
473,4_train_0_.h5
474,4_train_0_.h5
475,4_train_0_.h5
476,4_train_0_.h5
479,4_train_0_.h5
480,4_train_0_.h5
482,4_train_0_.h5
485,4_train_0_.h5
493,4_train_0_.h5
496,4_train_0_.h5
498,4_train_0_.h5
499,4_train_0_.h5
500,4_train_0_.h5
501,4_train_0_.h5
503,4_train_0_.h5
504,4_train_0_.h5
506,4_train_0_.h5
507,4_train_0_.h5
508,4_train_0_.h5
510,4_train_0_.h5
512,4_train_0_.h5
513,4_train_0_.h5
514,4_train_0_.h5
519,4_train_0_.h5
520,4_train_0_.h5
521,4_train_0_.h5
523,4_train_0_.h5
525,4_train_0_.h5
527,4_train_0_.h5
529,4_train_0_.h5
532,4_train_0_.h5
533,4_train_0_.h5
534,4_train_0_.h5
535,4_train_0_.h5
537,4_train_0_.h5
538,4_train_0_.h5
540,4_train_0_.h5
544,4_train_0_.h5
548,4_train_0_.h5
549,4_train_0_.h5
552,4_train_0_.h5
553,4_train_0_.h5
557,4_train_0_.h5
559,4_train_0_.h5
562,4_train_0_.h5
564,4_train_0_.h5
565,4_train_0_.h5
567,4_train_0_.h5
568,4_train_0_.h5
569,4_train_0_.h5
570,4_train_0_.h5
571,4_train_0_.h5
572,4_train_0_.h5
574,4_train_0_.h5
575,4_train_0_.h5
576,4_train_0_.h5
577,4_train_0_.h5
579,4_train_0_.h5
580,4_train_0_.h5
581,4_train_0_.h5
582,4_train_0_.h5
586,4_train_0_.h5
588,4_train_0_.h5
589,4_train_0_.h5
592,4_train_0_.h5
593,4_train_0_.h5
594,4_train_0_.h5
595,4_train_0_.h5
598,4_train_0_.h5
599,4_train_0_.h5
600,4_train_0_.h5
602,4_train_0_.h5
603,4_train_0_.h5
604,4_train_0_.h5
605,4_train_0_.h5
606,4_train_0_.h5
607,4_train_0_.h5
609,4_train_0_.h5
611,4_train_0_.h5
612,4_train_0_.h5
616,4_train_0_.h5
620,4_train_0_.h5
621,4_train_0_.h5
622,4_train_0_.h5
623,4_train_0_.h5
624,4_train_0_.h5
625,4_train_0_.h5
626,4_train_0_.h5
627,4_train_0_.h5
628,4_train_0_.h5
632,4_train_0_.h5
636,4_train_0_.h5
637,4_train_0_.h5
638,4_train_0_.h5
642,4_train_0_.h5
644,4_train_0_.h5
645,4_train_0_.h5
647,4_train_0_.h5
648,4_train_0_.h5
649,4_train_0_.h5
650,4_train_0_.h5
652,4_train_0_.h5
655,4_train_0_.h5
656,4_train_0_.h5
657,4_train_0_.h5
658,4_train_0_.h5
659,4_train_0_.h5
661,4_train_0_.h5
662,4_train_0_.h5
666,4_train_0_.h5
667,4_train_0_.h5
668,4_train_0_.h5
671,4_train_0_.h5
672,4_train_0_.h5
673,4_train_0_.h5
677,4_train_0_.h5
683,4_train_0_.h5
685,4_train_0_.h5
691,4_train_0_.h5
693,4_train_0_.h5
694,4_train_0_.h5
695,4_train_0_.h5
696,4_train_0_.h5
697,4_train_0_.h5
698,4_train_0_.h5
699,4_train_0_.h5
700,4_train_0_.h5
701,4_train_0_.h5
704,4_train_0_.h5
705,4_train_0_.h5
708,4_train_0_.h5
710,4_train_0_.h5
711,4_train_0_.h5
716,4_train_0_.h5
717,4_train_0_.h5
718,4_train_0_.h5
722,4_train_0_.h5
723,4_train_0_.h5
724,4_train_0_.h5
725,4_train_0_.h5
726,4_train_0_.h5
727,4_train_0_.h5
728,4_train_0_.h5
735,4_train_0_.h5
737,4_train_0_.h5
739,4_train_0_.h5
740,4_train_0_.h5
742,4_train_0_.h5
744,4_train_0_.h5
745,4_train_0_.h5
747,4_train_0_.h5
748,4_train_0_.h5
749,4_train_0_.h5
751,4_train_0_.h5
752,4_train_0_.h5
753,4_train_0_.h5
756,4_train_0_.h5
759,4_train_0_.h5
760,4_train_0_.h5
761,4_train_0_.h5
765,4_train_0_.h5
766,4_train_0_.h5
767,4_train_0_.h5
772,4_train_0_.h5
773,4_train_0_.h5
774,4_train_0_.h5
779,4_train_0_.h5
780,4_train_0_.h5
784,4_train_0_.h5
786,4_train_0_.h5
787,4_train_0_.h5
788,4_train_0_.h5
790,4_train_0_.h5
794,4_train_0_.h5
795,4_train_0_.h5
796,4_train_0_.h5
798,4_train_0_.h5
799,4_train_0_.h5
802,4_train_0_.h5
805,4_train_0_.h5
807,4_train_0_.h5
813,4_train_0_.h5
815,4_train_0_.h5
816,4_train_0_.h5
817,4_train_0_.h5
823,4_train_0_.h5
826,4_train_0_.h5
827,4_train_0_.h5
828,4_train_0_.h5
829,4_train_0_.h5
830,4_train_0_.h5
832,4_train_0_.h5
834,4_train_0_.h5
835,4_train_0_.h5
839,4_train_0_.h5
843,4_train_0_.h5
844,4_train_0_.h5
845,4_train_0_.h5
847,4_train_0_.h5
848,4_train_0_.h5
850,4_train_0_.h5
852,4_train_0_.h5
854,4_train_0_.h5
856,4_train_0_.h5
858,4_train_0_.h5
864,4_train_0_.h5
865,4_train_0_.h5
867,4_train_0_.h5
868,4_train_0_.h5
869,4_train_0_.h5
871,4_train_0_.h5
872,4_train_0_.h5
873,4_train_0_.h5
874,4_train_0_.h5
875,4_train_0_.h5
876,4_train_0_.h5
878,4_train_0_.h5
880,4_train_0_.h5
884,4_train_0_.h5
886,4_train_0_.h5
891,4_train_0_.h5
893,4_train_0_.h5
896,4_train_0_.h5
897,4_train_0_.h5
899,4_train_0_.h5
900,4_train_0_.h5
902,4_train_0_.h5
903,4_train_0_.h5
904,4_train_0_.h5
907,4_train_0_.h5
910,4_train_0_.h5
911,4_train_0_.h5
918,4_train_0_.h5
919,4_train_0_.h5
920,4_train_0_.h5
921,4_train_0_.h5
924,4_train_0_.h5
925,4_train_0_.h5
926,4_train_0_.h5
927,4_train_0_.h5
928,4_train_0_.h5
931,4_train_0_.h5
932,4_train_0_.h5
933,4_train_0_.h5
934,4_train_0_.h5
936,4_train_0_.h5
937,4_train_0_.h5
938,4_train_0_.h5
940,4_train_0_.h5
941,4_train_0_.h5
943,4_train_0_.h5
947,4_train_0_.h5
950,4_train_0_.h5
953,4_train_0_.h5
954,4_train_0_.h5
956,4_train_0_.h5
958,4_train_0_.h5
961,4_train_0_.h5
962,4_train_0_.h5
963,4_train_0_.h5
964,4_train_0_.h5
965,4_train_0_.h5
966,4_train_0_.h5
969,4_train_0_.h5
971,4_train_0_.h5
972,4_train_0_.h5
973,4_train_0_.h5
974,4_train_0_.h5
977,4_train_0_.h5
981,4_train_0_.h5
989,4_train_0_.h5
993,4_train_0_.h5
997,4_train_0_.h5
999,4_train_0_.h5
1001,4_train_0_.h5
1002,4_train_0_.h5
1006,4_train_0_.h5
1007,4_train_0_.h5
1011,4_train_0_.h5
1012,4_train_0_.h5
1013,4_train_0_.h5
1015,4_train_0_.h5
1019,4_train_0_.h5
1020,4_train_0_.h5
1021,4_train_0_.h5
1022,4_train_0_.h5
1023,4_train_0_.h5
1025,4_train_0_.h5
1027,4_train_0_.h5
1029,4_train_0_.h5
1030,4_train_0_.h5
1032,4_train_0_.h5
1033,4_train_0_.h5
1038,4_train_0_.h5
1039,4_train_0_.h5
1040,4_train_0_.h5
1041,4_train_0_.h5
1042,4_train_0_.h5
1043,4_train_0_.h5
1044,4_train_0_.h5
1047,4_train_0_.h5
1048,4_train_0_.h5
1050,4_train_0_.h5
1053,4_train_0_.h5
1054,4_train_0_.h5
1058,4_train_0_.h5
1059,4_train_0_.h5
1060,4_train_0_.h5
1061,4_train_0_.h5
1062,4_train_0_.h5
1064,4_train_0_.h5
1065,4_train_0_.h5
1066,4_train_0_.h5
1067,4_train_0_.h5
1069,4_train_0_.h5
1072,4_train_0_.h5
1074,4_train_0_.h5
1075,4_train_0_.h5
1077,4_train_0_.h5
1078,4_train_0_.h5
1082,4_train_0_.h5
1083,4_train_0_.h5
1084,4_train_0_.h5
1085,4_train_0_.h5
1086,4_train_0_.h5
1087,4_train_0_.h5
1090,4_train_0_.h5
1091,4_train_0_.h5
1096,4_train_0_.h5
1099,4_train_0_.h5
1104,4_train_0_.h5
1105,4_train_0_.h5
1106,4_train_0_.h5
1111,4_train_0_.h5
1112,4_train_0_.h5
1113,4_train_0_.h5
1119,4_train_0_.h5
1123,4_train_0_.h5
1124,4_train_0_.h5
1126,4_train_0_.h5
1127,4_train_0_.h5
1131,4_train_0_.h5
1132,4_train_0_.h5
1133,4_train_0_.h5
1135,4_train_0_.h5
1138,4_train_0_.h5
1142,4_train_0_.h5
1144,4_train_0_.h5
1145,4_train_0_.h5
1146,4_train_0_.h5
1147,4_train_0_.h5
1148,4_train_0_.h5
1153,4_train_0_.h5
1155,4_train_0_.h5
1156,4_train_0_.h5
1157,4_train_0_.h5
1158,4_train_0_.h5
1161,4_train_0_.h5
1162,4_train_0_.h5
1164,4_train_0_.h5
1167,4_train_0_.h5
1170,4_train_0_.h5
1173,4_train_0_.h5
1174,4_train_0_.h5
1177,4_train_0_.h5
1181,4_train_0_.h5
1182,4_train_0_.h5
1186,4_train_0_.h5
1187,4_train_0_.h5
1188,4_train_0_.h5
1191,4_train_0_.h5
1193,4_train_0_.h5
1194,4_train_0_.h5
1195,4_train_0_.h5
1196,4_train_0_.h5
1198,4_train_0_.h5
1199,4_train_0_.h5
1201,4_train_0_.h5
1203,4_train_0_.h5
1204,4_train_0_.h5
1205,4_train_0_.h5
1206,4_train_0_.h5
1207,4_train_0_.h5
1208,4_train_0_.h5
1209,4_train_0_.h5
1213,4_train_0_.h5
1216,4_train_0_.h5
1218,4_train_0_.h5
1222,4_train_0_.h5
1223,4_train_0_.h5
1224,4_train_0_.h5
1225,4_train_0_.h5
1226,4_train_0_.h5
1227,4_train_0_.h5
1228,4_train_0_.h5
1229,4_train_0_.h5
1230,4_train_0_.h5
1231,4_train_0_.h5
1234,4_train_0_.h5
1235,4_train_0_.h5
1237,4_train_0_.h5
1242,4_train_0_.h5
1244,4_train_0_.h5
1246,4_train_0_.h5
1247,4_train_0_.h5
1248,4_train_0_.h5
1256,4_train_0_.h5
1257,4_train_0_.h5
1259,4_train_0_.h5
1260,4_train_0_.h5
1262,4_train_0_.h5
1263,4_train_0_.h5
1264,4_train_0_.h5
1266,4_train_0_.h5
1267,4_train_0_.h5
1268,4_train_0_.h5
1269,4_train_0_.h5
1271,4_train_0_.h5
1272,4_train_0_.h5
1273,4_train_0_.h5
1275,4_train_0_.h5
1276,4_train_0_.h5
1277,4_train_0_.h5
1279,4_train_0_.h5
1285,4_train_0_.h5
1289,4_train_0_.h5
1292,4_train_0_.h5
1293,4_train_0_.h5
1295,4_train_0_.h5
1299,4_train_0_.h5
1300,4_train_0_.h5
1302,4_train_0_.h5
1304,4_train_0_.h5
1305,4_train_0_.h5
1307,4_train_0_.h5
1309,4_train_0_.h5
1313,4_train_0_.h5
1314,4_train_0_.h5
1317,4_train_0_.h5
1319,4_train_0_.h5
1320,4_train_0_.h5
1322,4_train_0_.h5
1323,4_train_0_.h5
1324,4_train_0_.h5
1326,4_train_0_.h5
1327,4_train_0_.h5
1329,4_train_0_.h5
1333,4_train_0_.h5
1336,4_train_0_.h5
1337,4_train_0_.h5
1338,4_train_0_.h5
1341,4_train_0_.h5
1344,4_train_0_.h5
1346,4_train_0_.h5
1347,4_train_0_.h5
1348,4_train_0_.h5
1350,4_train_0_.h5
1356,4_train_0_.h5
1360,4_train_0_.h5
1361,4_train_0_.h5
1363,4_train_0_.h5
1365,4_train_0_.h5
1367,4_train_0_.h5
1370,4_train_0_.h5
1371,4_train_0_.h5
1373,4_train_0_.h5
1375,4_train_0_.h5
1376,4_train_0_.h5
1377,4_train_0_.h5
1378,4_train_0_.h5
1380,4_train_0_.h5
1381,4_train_0_.h5
1382,4_train_0_.h5
1383,4_train_0_.h5
1387,4_train_0_.h5
1390,4_train_0_.h5
1391,4_train_0_.h5
1393,4_train_0_.h5
1394,4_train_0_.h5
1395,4_train_0_.h5
1398,4_train_0_.h5
1400,4_train_0_.h5
1401,4_train_0_.h5
1402,4_train_0_.h5
1403,4_train_0_.h5
1405,4_train_0_.h5
1407,4_train_0_.h5
1410,4_train_0_.h5
1411,4_train_0_.h5
1414,4_train_0_.h5
1419,4_train_0_.h5
1421,4_train_0_.h5
1423,4_train_0_.h5
1424,4_train_0_.h5
1425,4_train_0_.h5
1427,4_train_0_.h5
1428,4_train_0_.h5
1429,4_train_0_.h5
1430,4_train_0_.h5
1432,4_train_0_.h5
1433,4_train_0_.h5
1435,4_train_0_.h5
1437,4_train_0_.h5
1444,4_train_0_.h5
1446,4_train_0_.h5
1447,4_train_0_.h5
1448,4_train_0_.h5
1452,4_train_0_.h5
1453,4_train_0_.h5
1458,4_train_0_.h5
1461,4_train_0_.h5
1465,4_train_0_.h5
1469,4_train_0_.h5
1470,4_train_0_.h5
1471,4_train_0_.h5
1473,4_train_0_.h5
1474,4_train_0_.h5
1475,4_train_0_.h5
1476,4_train_0_.h5
1480,4_train_0_.h5
1483,4_train_0_.h5
1484,4_train_0_.h5
1485,4_train_0_.h5
1486,4_train_0_.h5
1487,4_train_0_.h5
1489,4_train_0_.h5
1490,4_train_0_.h5
1495,4_train_0_.h5
1497,4_train_0_.h5
1499,4_train_0_.h5
1500,4_train_0_.h5
1501,4_train_0_.h5
1504,4_train_0_.h5
1505,4_train_0_.h5
1510,4_train_0_.h5
1512,4_train_0_.h5
1514,4_train_0_.h5
1515,4_train_0_.h5
1516,4_train_0_.h5
1518,4_train_0_.h5
1519,4_train_0_.h5
1520,4_train_0_.h5
1524,4_train_0_.h5
1525,4_train_0_.h5
1526,4_train_0_.h5
1529,4_train_0_.h5
1533,4_train_0_.h5
1537,4_train_0_.h5
1538,4_train_0_.h5
1539,4_train_0_.h5
1540,4_train_0_.h5
1541,4_train_0_.h5
1542,4_train_0_.h5
1543,4_train_0_.h5
1545,4_train_0_.h5
1548,4_train_0_.h5
1550,4_train_0_.h5
1551,4_train_0_.h5
1555,4_train_0_.h5
1560,4_train_0_.h5
1564,4_train_0_.h5
1568,4_train_0_.h5
1570,4_train_0_.h5
1573,4_train_0_.h5
1574,4_train_0_.h5
1577,4_train_0_.h5
1578,4_train_0_.h5
1579,4_train_0_.h5
1582,4_train_0_.h5
1583,4_train_0_.h5
1584,4_train_0_.h5
1585,4_train_0_.h5
1588,4_train_0_.h5
1589,4_train_0_.h5
1590,4_train_0_.h5
1591,4_train_0_.h5
1593,4_train_0_.h5
1594,4_train_0_.h5
1595,4_train_0_.h5
1599,4_train_0_.h5
1601,4_train_0_.h5
1602,4_train_0_.h5
1603,4_train_0_.h5
1605,4_train_0_.h5
1607,4_train_0_.h5
1608,4_train_0_.h5
1611,4_train_0_.h5
1613,4_train_0_.h5
1614,4_train_0_.h5
1617,4_train_0_.h5
1619,4_train_0_.h5
1620,4_train_0_.h5
1621,4_train_0_.h5
1622,4_train_0_.h5
1629,4_train_0_.h5
1630,4_train_0_.h5
1632,4_train_0_.h5
1633,4_train_0_.h5
1634,4_train_0_.h5
1635,4_train_0_.h5
1636,4_train_0_.h5
1639,4_train_0_.h5
1641,4_train_0_.h5
1642,4_train_0_.h5
1643,4_train_0_.h5
1645,4_train_0_.h5
1646,4_train_0_.h5
1648,4_train_0_.h5
1651,4_train_0_.h5
1652,4_train_0_.h5
1653,4_train_0_.h5
1654,4_train_0_.h5
1656,4_train_0_.h5
1658,4_train_0_.h5
1659,4_train_0_.h5
1660,4_train_0_.h5
1664,4_train_0_.h5
1665,4_train_0_.h5
1667,4_train_0_.h5
1670,4_train_0_.h5
1671,4_train_0_.h5
1672,4_train_0_.h5
1673,4_train_0_.h5
1674,4_train_0_.h5
1675,4_train_0_.h5
1677,4_train_0_.h5
1679,4_train_0_.h5
1680,4_train_0_.h5
1681,4_train_0_.h5
1682,4_train_0_.h5
1683,4_train_0_.h5
1685,4_train_0_.h5
1694,4_train_0_.h5
1695,4_train_0_.h5
1696,4_train_0_.h5
1699,4_train_0_.h5
1703,4_train_0_.h5
1705,4_train_0_.h5
1706,4_train_0_.h5
1708,4_train_0_.h5
1709,4_train_0_.h5
1710,4_train_0_.h5
1711,4_train_0_.h5
1712,4_train_0_.h5
1713,4_train_0_.h5
1714,4_train_0_.h5
1715,4_train_0_.h5
1716,4_train_0_.h5
1718,4_train_0_.h5
1719,4_train_0_.h5
1720,4_train_0_.h5
1722,4_train_0_.h5
1723,4_train_0_.h5
1724,4_train_0_.h5
1726,4_train_0_.h5
1729,4_train_0_.h5
1730,4_train_0_.h5
1734,4_train_0_.h5
1735,4_train_0_.h5
1736,4_train_0_.h5
1739,4_train_0_.h5
1740,4_train_0_.h5
1743,4_train_0_.h5
1744,4_train_0_.h5
1746,4_train_0_.h5
1748,4_train_0_.h5
1750,4_train_0_.h5
1751,4_train_0_.h5
1752,4_train_0_.h5
1753,4_train_0_.h5
1754,4_train_0_.h5
1756,4_train_0_.h5
1758,4_train_0_.h5
1759,4_train_0_.h5
1761,4_train_0_.h5
1764,4_train_0_.h5
1767,4_train_0_.h5
1768,4_train_0_.h5
1769,4_train_0_.h5
1770,4_train_0_.h5
1771,4_train_0_.h5
1773,4_train_0_.h5
1774,4_train_0_.h5
1778,4_train_0_.h5
1779,4_train_0_.h5
1780,4_train_0_.h5
1781,4_train_0_.h5
1782,4_train_0_.h5
1783,4_train_0_.h5
1785,4_train_0_.h5
1786,4_train_0_.h5
1793,4_train_0_.h5
1794,4_train_0_.h5
1797,4_train_0_.h5
1798,4_train_0_.h5
1800,4_train_0_.h5
1801,4_train_0_.h5
1802,4_train_0_.h5
1803,4_train_0_.h5
1804,4_train_0_.h5
1806,4_train_0_.h5
1808,4_train_0_.h5
1811,4_train_0_.h5
1814,4_train_0_.h5
1815,4_train_0_.h5
1817,4_train_0_.h5
1818,4_train_0_.h5
1819,4_train_0_.h5
1820,4_train_0_.h5
1823,4_train_0_.h5
1825,4_train_0_.h5
1827,4_train_0_.h5
1828,4_train_0_.h5
1832,4_train_0_.h5
1837,4_train_0_.h5
1842,4_train_0_.h5
1844,4_train_0_.h5
1846,4_train_0_.h5
1847,4_train_0_.h5
1848,4_train_0_.h5
1850,4_train_0_.h5
1853,4_train_0_.h5
1854,4_train_0_.h5
1856,4_train_0_.h5
1858,4_train_0_.h5
1859,4_train_0_.h5
1863,4_train_0_.h5
1864,4_train_0_.h5
1867,4_train_0_.h5
1869,4_train_0_.h5
1870,4_train_0_.h5
1874,4_train_0_.h5
1875,4_train_0_.h5
1876,4_train_0_.h5
1878,4_train_0_.h5
1879,4_train_0_.h5
1880,4_train_0_.h5
1884,4_train_0_.h5
1886,4_train_0_.h5
1887,4_train_0_.h5
1889,4_train_0_.h5
1891,4_train_0_.h5
1892,4_train_0_.h5
1893,4_train_0_.h5
1895,4_train_0_.h5
1896,4_train_0_.h5
1897,4_train_0_.h5
1898,4_train_0_.h5
1900,4_train_0_.h5
1905,4_train_0_.h5
1906,4_train_0_.h5
1908,4_train_0_.h5
1909,4_train_0_.h5
1910,4_train_0_.h5
1911,4_train_0_.h5
1912,4_train_0_.h5
1914,4_train_0_.h5
1915,4_train_0_.h5
1916,4_train_0_.h5
1918,4_train_0_.h5
1920,4_train_0_.h5
1921,4_train_0_.h5
1925,4_train_0_.h5
1928,4_train_0_.h5
1929,4_train_0_.h5
1932,4_train_0_.h5
1933,4_train_0_.h5
1936,4_train_0_.h5
1939,4_train_0_.h5
1945,4_train_0_.h5
1948,4_train_0_.h5
1950,4_train_0_.h5
1951,4_train_0_.h5
1953,4_train_0_.h5
1956,4_train_0_.h5
1961,4_train_0_.h5
1962,4_train_0_.h5
1963,4_train_0_.h5
1964,4_train_0_.h5
1965,4_train_0_.h5
1969,4_train_0_.h5
1971,4_train_0_.h5
1975,4_train_0_.h5
1976,4_train_0_.h5
1981,4_train_0_.h5
1983,4_train_0_.h5
1984,4_train_0_.h5
1989,4_train_0_.h5
1990,4_train_0_.h5
1991,4_train_0_.h5
1992,4_train_0_.h5
1994,4_train_0_.h5
1995,4_train_0_.h5
1996,4_train_0_.h5
1998,4_train_0_.h5
2003,4_train_0_.h5
2004,4_train_0_.h5
2006,4_train_0_.h5
2008,4_train_0_.h5
2009,4_train_0_.h5
2010,4_train_0_.h5
2011,4_train_0_.h5
2015,4_train_0_.h5
2020,4_train_0_.h5
2022,4_train_0_.h5
2025,4_train_0_.h5
2027,4_train_0_.h5
2028,4_train_0_.h5
2029,4_train_0_.h5
2031,4_train_0_.h5
2034,4_train_0_.h5
2035,4_train_0_.h5
2039,4_train_0_.h5
2041,4_train_0_.h5
2042,4_train_0_.h5
2044,4_train_0_.h5
2045,4_train_0_.h5
2046,4_train_0_.h5
2047,4_train_0_.h5
2052,4_train_0_.h5
2054,4_train_0_.h5
2055,4_train_0_.h5
2056,4_train_0_.h5
2057,4_train_0_.h5
2058,4_train_0_.h5
2060,4_train_0_.h5
2062,4_train_0_.h5
2063,4_train_0_.h5
2065,4_train_0_.h5
2067,4_train_0_.h5
2069,4_train_0_.h5
2071,4_train_0_.h5
2072,4_train_0_.h5
2075,4_train_0_.h5
2076,4_train_0_.h5
2078,4_train_0_.h5
2080,4_train_0_.h5
2081,4_train_0_.h5
2082,4_train_0_.h5
2085,4_train_0_.h5
2088,4_train_0_.h5
2089,4_train_0_.h5
2091,4_train_0_.h5
2095,4_train_0_.h5
2097,4_train_0_.h5
2099,4_train_0_.h5
2101,4_train_0_.h5
2102,4_train_0_.h5
2105,4_train_0_.h5
2106,4_train_0_.h5
2107,4_train_0_.h5
2110,4_train_0_.h5
2111,4_train_0_.h5
2113,4_train_0_.h5
2114,4_train_0_.h5
2115,4_train_0_.h5
2116,4_train_0_.h5
2118,4_train_0_.h5
2119,4_train_0_.h5
2121,4_train_0_.h5
2124,4_train_0_.h5
2128,4_train_0_.h5
2130,4_train_0_.h5
2132,4_train_0_.h5
2137,4_train_0_.h5
2138,4_train_0_.h5
2141,4_train_0_.h5
2142,4_train_0_.h5
2143,4_train_0_.h5
2144,4_train_0_.h5
2145,4_train_0_.h5
2148,4_train_0_.h5
2153,4_train_0_.h5
2159,4_train_0_.h5
2162,4_train_0_.h5
2163,4_train_0_.h5
2164,4_train_0_.h5
2165,4_train_0_.h5
2166,4_train_0_.h5
2170,4_train_0_.h5
2171,4_train_0_.h5
2174,4_train_0_.h5
2176,4_train_0_.h5
2177,4_train_0_.h5
2178,4_train_0_.h5
2179,4_train_0_.h5
2181,4_train_0_.h5
2182,4_train_0_.h5
2184,4_train_0_.h5
2185,4_train_0_.h5
2186,4_train_0_.h5
2187,4_train_0_.h5
2189,4_train_0_.h5
2191,4_train_0_.h5
2196,4_train_0_.h5
2197,4_train_0_.h5
2198,4_train_0_.h5
2199,4_train_0_.h5
2205,4_train_0_.h5
2206,4_train_0_.h5
2207,4_train_0_.h5
2208,4_train_0_.h5
2209,4_train_0_.h5
2210,4_train_0_.h5
2213,4_train_0_.h5
2215,4_train_0_.h5
2216,4_train_0_.h5
2217,4_train_0_.h5
2219,4_train_0_.h5
2221,4_train_0_.h5
2222,4_train_0_.h5
2223,4_train_0_.h5
2224,4_train_0_.h5
2225,4_train_0_.h5
2227,4_train_0_.h5
2228,4_train_0_.h5
2230,4_train_0_.h5
2232,4_train_0_.h5
2233,4_train_0_.h5
2235,4_train_0_.h5
2237,4_train_0_.h5
2239,4_train_0_.h5
2240,4_train_0_.h5
2243,4_train_0_.h5
2244,4_train_0_.h5
2246,4_train_0_.h5
2247,4_train_0_.h5
2251,4_train_0_.h5
2255,4_train_0_.h5
2257,4_train_0_.h5
2260,4_train_0_.h5
2261,4_train_0_.h5
2262,4_train_0_.h5
2263,4_train_0_.h5
2264,4_train_0_.h5
2265,4_train_0_.h5
2267,4_train_0_.h5
2270,4_train_0_.h5
2272,4_train_0_.h5
2273,4_train_0_.h5
2280,4_train_0_.h5
2281,4_train_0_.h5
2284,4_train_0_.h5
2287,4_train_0_.h5
2288,4_train_0_.h5
2290,4_train_0_.h5
2291,4_train_0_.h5
2294,4_train_0_.h5
2295,4_train_0_.h5
2296,4_train_0_.h5
2298,4_train_0_.h5
2300,4_train_0_.h5
2301,4_train_0_.h5
2303,4_train_0_.h5
2307,4_train_0_.h5
2308,4_train_0_.h5
2309,4_train_0_.h5
2310,4_train_0_.h5
2313,4_train_0_.h5
2314,4_train_0_.h5
2317,4_train_0_.h5
2318,4_train_0_.h5
2320,4_train_0_.h5
2321,4_train_0_.h5
2326,4_train_0_.h5
2327,4_train_0_.h5
2328,4_train_0_.h5
2330,4_train_0_.h5
2331,4_train_0_.h5
2332,4_train_0_.h5
2334,4_train_0_.h5
2337,4_train_0_.h5
2338,4_train_0_.h5
2339,4_train_0_.h5
2340,4_train_0_.h5
2341,4_train_0_.h5
2343,4_train_0_.h5
2344,4_train_0_.h5
2345,4_train_0_.h5
2346,4_train_0_.h5
2347,4_train_0_.h5
2348,4_train_0_.h5
2349,4_train_0_.h5
2350,4_train_0_.h5
2351,4_train_0_.h5
2357,4_train_0_.h5
2358,4_train_0_.h5
2359,4_train_0_.h5
2360,4_train_0_.h5
2361,4_train_0_.h5
2362,4_train_0_.h5
2363,4_train_0_.h5
2365,4_train_0_.h5
2366,4_train_0_.h5
2369,4_train_0_.h5
2372,4_train_0_.h5
2374,4_train_0_.h5
2379,4_train_0_.h5
2380,4_train_0_.h5
2383,4_train_0_.h5
2384,4_train_0_.h5
2386,4_train_0_.h5
2388,4_train_0_.h5
2390,4_train_0_.h5
2391,4_train_0_.h5
2392,4_train_0_.h5
2393,4_train_0_.h5
2395,4_train_0_.h5
2398,4_train_0_.h5
2403,4_train_0_.h5
2404,4_train_0_.h5
2405,4_train_0_.h5
2406,4_train_0_.h5
2408,4_train_0_.h5
2410,4_train_0_.h5
2411,4_train_0_.h5
2412,4_train_0_.h5
2414,4_train_0_.h5
2415,4_train_0_.h5
2416,4_train_0_.h5
2417,4_train_0_.h5
2418,4_train_0_.h5
2419,4_train_0_.h5
2421,4_train_0_.h5
2422,4_train_0_.h5
2423,4_train_0_.h5
2424,4_train_0_.h5
2425,4_train_0_.h5
2428,4_train_0_.h5
2429,4_train_0_.h5
2431,4_train_0_.h5
2434,4_train_0_.h5
2439,4_train_0_.h5
2442,4_train_0_.h5
2443,4_train_0_.h5
2449,4_train_0_.h5
2454,4_train_0_.h5
2455,4_train_0_.h5
2457,4_train_0_.h5
2458,4_train_0_.h5
2459,4_train_0_.h5
2461,4_train_0_.h5
2464,4_train_0_.h5
2465,4_train_0_.h5
2466,4_train_0_.h5
2470,4_train_0_.h5
2471,4_train_0_.h5
2472,4_train_0_.h5
2473,4_train_0_.h5
2474,4_train_0_.h5
2480,4_train_0_.h5
2481,4_train_0_.h5
2482,4_train_0_.h5
2483,4_train_0_.h5
2484,4_train_0_.h5
2485,4_train_0_.h5
2486,4_train_0_.h5
2488,4_train_0_.h5
2489,4_train_0_.h5
2490,4_train_0_.h5
2491,4_train_0_.h5
2492,4_train_0_.h5
2494,4_train_0_.h5
2495,4_train_0_.h5
2496,4_train_0_.h5
2499,4_train_0_.h5
2502,4_train_0_.h5
2503,4_train_0_.h5
2504,4_train_0_.h5
2507,4_train_0_.h5
2509,4_train_0_.h5
2510,4_train_0_.h5
2511,4_train_0_.h5
2513,4_train_0_.h5
2517,4_train_0_.h5
2518,4_train_0_.h5
2519,4_train_0_.h5
2521,4_train_0_.h5
2522,4_train_0_.h5
2524,4_train_0_.h5
2528,4_train_0_.h5
2530,4_train_0_.h5
2531,4_train_0_.h5
2532,4_train_0_.h5
2534,4_train_0_.h5
2535,4_train_0_.h5
2537,4_train_0_.h5
2538,4_train_0_.h5
2539,4_train_0_.h5
2540,4_train_0_.h5
2545,4_train_0_.h5
2546,4_train_0_.h5
2551,4_train_0_.h5
2552,4_train_0_.h5
2553,4_train_0_.h5
2556,4_train_0_.h5
2557,4_train_0_.h5
2558,4_train_0_.h5
2559,4_train_0_.h5
2565,4_train_0_.h5
2566,4_train_0_.h5
2567,4_train_0_.h5
2568,4_train_0_.h5
2569,4_train_0_.h5
2570,4_train_0_.h5
2571,4_train_0_.h5
2576,4_train_0_.h5
2577,4_train_0_.h5
2579,4_train_0_.h5
2583,4_train_0_.h5
2584,4_train_0_.h5
2585,4_train_0_.h5
2586,4_train_0_.h5
2590,4_train_0_.h5
2592,4_train_0_.h5
2593,4_train_0_.h5
2595,4_train_0_.h5
2597,4_train_0_.h5
2598,4_train_0_.h5
2602,4_train_0_.h5
2603,4_train_0_.h5
2605,4_train_0_.h5
2607,4_train_0_.h5
2608,4_train_0_.h5
2609,4_train_0_.h5
2610,4_train_0_.h5
2611,4_train_0_.h5
2612,4_train_0_.h5
2613,4_train_0_.h5
2614,4_train_0_.h5
2615,4_train_0_.h5
2617,4_train_0_.h5
2618,4_train_0_.h5
2622,4_train_0_.h5
2625,4_train_0_.h5
2629,4_train_0_.h5
2630,4_train_0_.h5
2632,4_train_0_.h5
2634,4_train_0_.h5
2636,4_train_0_.h5
2638,4_train_0_.h5
2639,4_train_0_.h5
2640,4_train_0_.h5
2641,4_train_0_.h5
2643,4_train_0_.h5
2644,4_train_0_.h5
2645,4_train_0_.h5
2647,4_train_0_.h5
2648,4_train_0_.h5
2649,4_train_0_.h5
2651,4_train_0_.h5
2654,4_train_0_.h5
2655,4_train_0_.h5
2656,4_train_0_.h5
2657,4_train_0_.h5
2659,4_train_0_.h5
2660,4_train_0_.h5
2663,4_train_0_.h5
2665,4_train_0_.h5
2667,4_train_0_.h5
2669,4_train_0_.h5
2672,4_train_0_.h5
2674,4_train_0_.h5
2677,4_train_0_.h5
2678,4_train_0_.h5
2681,4_train_0_.h5
2683,4_train_0_.h5
2687,4_train_0_.h5
2689,4_train_0_.h5
2692,4_train_0_.h5
2693,4_train_0_.h5
2696,4_train_0_.h5
2703,4_train_0_.h5
2704,4_train_0_.h5
2705,4_train_0_.h5
2708,4_train_0_.h5
2709,4_train_0_.h5
2710,4_train_0_.h5
2711,4_train_0_.h5
2712,4_train_0_.h5
2715,4_train_0_.h5
2717,4_train_0_.h5
2718,4_train_0_.h5
2719,4_train_0_.h5
2720,4_train_0_.h5
2721,4_train_0_.h5
2722,4_train_0_.h5
2723,4_train_0_.h5
2726,4_train_0_.h5
2727,4_train_0_.h5
2728,4_train_0_.h5
2729,4_train_0_.h5
2731,4_train_0_.h5
2732,4_train_0_.h5
2733,4_train_0_.h5
2734,4_train_0_.h5
2738,4_train_0_.h5
2740,4_train_0_.h5
2741,4_train_0_.h5
2742,4_train_0_.h5
2744,4_train_0_.h5
2746,4_train_0_.h5
2749,4_train_0_.h5
2751,4_train_0_.h5
2752,4_train_0_.h5
2755,4_train_0_.h5
2756,4_train_0_.h5
2757,4_train_0_.h5
2758,4_train_0_.h5
2759,4_train_0_.h5
2762,4_train_0_.h5
2763,4_train_0_.h5
2765,4_train_0_.h5
2766,4_train_0_.h5
2768,4_train_0_.h5
2769,4_train_0_.h5
2770,4_train_0_.h5
2771,4_train_0_.h5
2772,4_train_0_.h5
2774,4_train_0_.h5
2777,4_train_0_.h5
2780,4_train_0_.h5
2782,4_train_0_.h5
2784,4_train_0_.h5
2785,4_train_0_.h5
2786,4_train_0_.h5
2787,4_train_0_.h5
2788,4_train_0_.h5
2789,4_train_0_.h5
2793,4_train_0_.h5
2795,4_train_0_.h5
2796,4_train_0_.h5
2797,4_train_0_.h5
2798,4_train_0_.h5
2799,4_train_0_.h5
2804,4_train_0_.h5
2807,4_train_0_.h5
2808,4_train_0_.h5
2810,4_train_0_.h5
2811,4_train_0_.h5
2814,4_train_0_.h5
2816,4_train_0_.h5
2817,4_train_0_.h5
2818,4_train_0_.h5
2822,4_train_0_.h5
2823,4_train_0_.h5
2826,4_train_0_.h5
2827,4_train_0_.h5
2829,4_train_0_.h5
2831,4_train_0_.h5
2832,4_train_0_.h5
2834,4_train_0_.h5
2835,4_train_0_.h5
2836,4_train_0_.h5
2838,4_train_0_.h5
2842,4_train_0_.h5
2843,4_train_0_.h5
2850,4_train_0_.h5
2852,4_train_0_.h5
2855,4_train_0_.h5
2857,4_train_0_.h5
2858,4_train_0_.h5
2859,4_train_0_.h5
2861,4_train_0_.h5
2862,4_train_0_.h5
2864,4_train_0_.h5
2867,4_train_0_.h5
2868,4_train_0_.h5
2869,4_train_0_.h5
2874,4_train_0_.h5
2880,4_train_0_.h5
2882,4_train_0_.h5
2884,4_train_0_.h5
2885,4_train_0_.h5
2886,4_train_0_.h5
2888,4_train_0_.h5
2890,4_train_0_.h5
2894,4_train_0_.h5
2895,4_train_0_.h5
2898,4_train_0_.h5
2899,4_train_0_.h5
2903,4_train_0_.h5
2905,4_train_0_.h5
2908,4_train_0_.h5
2909,4_train_0_.h5
2911,4_train_0_.h5
2912,4_train_0_.h5
2915,4_train_0_.h5
2916,4_train_0_.h5
2917,4_train_0_.h5
2918,4_train_0_.h5
2925,4_train_0_.h5
2927,4_train_0_.h5
2928,4_train_0_.h5
2936,4_train_0_.h5
2937,4_train_0_.h5
2939,4_train_0_.h5
2941,4_train_0_.h5
2943,4_train_0_.h5
2944,4_train_0_.h5
2947,4_train_0_.h5
2948,4_train_0_.h5
2951,4_train_0_.h5
2952,4_train_0_.h5
2953,4_train_0_.h5
2954,4_train_0_.h5
2955,4_train_0_.h5
2956,4_train_0_.h5
2957,4_train_0_.h5
2958,4_train_0_.h5
2961,4_train_0_.h5
2963,4_train_0_.h5
2964,4_train_0_.h5
2965,4_train_0_.h5
2967,4_train_0_.h5
2968,4_train_0_.h5
2970,4_train_0_.h5
2973,4_train_0_.h5
2974,4_train_0_.h5
2975,4_train_0_.h5
2978,4_train_0_.h5
2979,4_train_0_.h5
2980,4_train_0_.h5
2983,4_train_0_.h5
2984,4_train_0_.h5
2986,4_train_0_.h5
2988,4_train_0_.h5
2989,4_train_0_.h5
2994,4_train_0_.h5
2996,4_train_0_.h5
2999,4_train_0_.h5
3000,4_train_0_.h5
3004,4_train_0_.h5
3005,4_train_0_.h5
3006,4_train_0_.h5
3007,4_train_0_.h5
3008,4_train_0_.h5
3009,4_train_0_.h5
3011,4_train_0_.h5
3012,4_train_0_.h5
3013,4_train_0_.h5
3014,4_train_0_.h5
3015,4_train_0_.h5
3017,4_train_0_.h5
3018,4_train_0_.h5
3019,4_train_0_.h5
3020,4_train_0_.h5
3021,4_train_0_.h5
3024,4_train_0_.h5
3025,4_train_0_.h5
3027,4_train_0_.h5
3029,4_train_0_.h5
3034,4_train_0_.h5
3035,4_train_0_.h5
3039,4_train_0_.h5
3043,4_train_0_.h5
3044,4_train_0_.h5
3046,4_train_0_.h5
3048,4_train_0_.h5
3050,4_train_0_.h5
3051,4_train_0_.h5
3054,4_train_0_.h5
3055,4_train_0_.h5
3057,4_train_0_.h5
3059,4_train_0_.h5
3061,4_train_0_.h5
3062,4_train_0_.h5
3063,4_train_0_.h5
3065,4_train_0_.h5
3066,4_train_0_.h5
3072,4_train_0_.h5
3074,4_train_0_.h5
3075,4_train_0_.h5
3077,4_train_0_.h5
3079,4_train_0_.h5
3081,4_train_0_.h5
3083,4_train_0_.h5
3084,4_train_0_.h5
3089,4_train_0_.h5
3090,4_train_0_.h5
3091,4_train_0_.h5
3092,4_train_0_.h5
3093,4_train_0_.h5
3094,4_train_0_.h5
3096,4_train_0_.h5
3097,4_train_0_.h5
3098,4_train_0_.h5
3099,4_train_0_.h5
3100,4_train_0_.h5
3103,4_train_0_.h5
3104,4_train_0_.h5
3105,4_train_0_.h5
3108,4_train_0_.h5
3109,4_train_0_.h5
3110,4_train_0_.h5
3116,4_train_0_.h5
3118,4_train_0_.h5
3119,4_train_0_.h5
3120,4_train_0_.h5
3121,4_train_0_.h5
3122,4_train_0_.h5
3124,4_train_0_.h5
3129,4_train_0_.h5
3130,4_train_0_.h5
3131,4_train_0_.h5
3134,4_train_0_.h5
3135,4_train_0_.h5
3136,4_train_0_.h5
3139,4_train_0_.h5
3142,4_train_0_.h5
3143,4_train_0_.h5
3148,4_train_0_.h5
3151,4_train_0_.h5
3152,4_train_0_.h5
3153,4_train_0_.h5
3156,4_train_0_.h5
3159,4_train_0_.h5
3160,4_train_0_.h5
3161,4_train_0_.h5
3162,4_train_0_.h5
3165,4_train_0_.h5
3166,4_train_0_.h5
3169,4_train_0_.h5
3171,4_train_0_.h5
3172,4_train_0_.h5
3174,4_train_0_.h5
3175,4_train_0_.h5
3177,4_train_0_.h5
3179,4_train_0_.h5
3181,4_train_0_.h5
3182,4_train_0_.h5
3183,4_train_0_.h5
3184,4_train_0_.h5
3186,4_train_0_.h5
3187,4_train_0_.h5
3188,4_train_0_.h5
3189,4_train_0_.h5
3191,4_train_0_.h5
3198,4_train_0_.h5
3199,4_train_0_.h5
3200,4_train_0_.h5
3202,4_train_0_.h5
3206,4_train_0_.h5
3210,4_train_0_.h5
3211,4_train_0_.h5
3212,4_train_0_.h5
3213,4_train_0_.h5
3214,4_train_0_.h5
3215,4_train_0_.h5
3216,4_train_0_.h5
3217,4_train_0_.h5
3218,4_train_0_.h5
3219,4_train_0_.h5
3222,4_train_0_.h5
3224,4_train_0_.h5
3225,4_train_0_.h5
3228,4_train_0_.h5
3229,4_train_0_.h5
3231,4_train_0_.h5
3233,4_train_0_.h5
3235,4_train_0_.h5
3236,4_train_0_.h5
3239,4_train_0_.h5
3240,4_train_0_.h5
3244,4_train_0_.h5
3249,4_train_0_.h5
3251,4_train_0_.h5
3253,4_train_0_.h5
3255,4_train_0_.h5
3256,4_train_0_.h5
3258,4_train_0_.h5
3261,4_train_0_.h5
3262,4_train_0_.h5
3263,4_train_0_.h5
3264,4_train_0_.h5
3265,4_train_0_.h5
3267,4_train_0_.h5
3268,4_train_0_.h5
3269,4_train_0_.h5
3270,4_train_0_.h5
3273,4_train_0_.h5
3274,4_train_0_.h5
3275,4_train_0_.h5
3276,4_train_0_.h5
3277,4_train_0_.h5
3278,4_train_0_.h5
3279,4_train_0_.h5
3282,4_train_0_.h5
3283,4_train_0_.h5
3286,4_train_0_.h5
3288,4_train_0_.h5
3290,4_train_0_.h5
3291,4_train_0_.h5
3295,4_train_0_.h5
3296,4_train_0_.h5
3298,4_train_0_.h5
3300,4_train_0_.h5
3301,4_train_0_.h5
3302,4_train_0_.h5
3304,4_train_0_.h5
3306,4_train_0_.h5
3307,4_train_0_.h5
3308,4_train_0_.h5
3309,4_train_0_.h5
3313,4_train_0_.h5
3315,4_train_0_.h5
3316,4_train_0_.h5
3317,4_train_0_.h5
3319,4_train_0_.h5
3320,4_train_0_.h5
3322,4_train_0_.h5
3323,4_train_0_.h5
3324,4_train_0_.h5
3325,4_train_0_.h5
3326,4_train_0_.h5
3328,4_train_0_.h5
3330,4_train_0_.h5
3331,4_train_0_.h5
3332,4_train_0_.h5
3334,4_train_0_.h5
3335,4_train_0_.h5
3338,4_train_0_.h5
3339,4_train_0_.h5
3343,4_train_0_.h5
3348,4_train_0_.h5
3349,4_train_0_.h5
3350,4_train_0_.h5
3351,4_train_0_.h5
3352,4_train_0_.h5
3355,4_train_0_.h5
3356,4_train_0_.h5
3359,4_train_0_.h5
3361,4_train_0_.h5
3362,4_train_0_.h5
3363,4_train_0_.h5
3364,4_train_0_.h5
3365,4_train_0_.h5
3366,4_train_0_.h5
3369,4_train_0_.h5
3370,4_train_0_.h5
3371,4_train_0_.h5
3373,4_train_0_.h5
3374,4_train_0_.h5
3376,4_train_0_.h5
3377,4_train_0_.h5
3379,4_train_0_.h5
3381,4_train_0_.h5
3384,4_train_0_.h5
3386,4_train_0_.h5
3387,4_train_0_.h5
3388,4_train_0_.h5
3389,4_train_0_.h5
3390,4_train_0_.h5
3397,4_train_0_.h5
3401,4_train_0_.h5
3402,4_train_0_.h5
3407,4_train_0_.h5
3409,4_train_0_.h5
3411,4_train_0_.h5
3412,4_train_0_.h5
3413,4_train_0_.h5
3414,4_train_0_.h5
3416,4_train_0_.h5
3419,4_train_0_.h5
3420,4_train_0_.h5
3421,4_train_0_.h5
3423,4_train_0_.h5
3424,4_train_0_.h5
3426,4_train_0_.h5
3428,4_train_0_.h5
3429,4_train_0_.h5
3431,4_train_0_.h5
3433,4_train_0_.h5
3434,4_train_0_.h5
3435,4_train_0_.h5
3437,4_train_0_.h5
3438,4_train_0_.h5
3439,4_train_0_.h5
3441,4_train_0_.h5
3442,4_train_0_.h5
3443,4_train_0_.h5
3445,4_train_0_.h5
3446,4_train_0_.h5
3447,4_train_0_.h5
3449,4_train_0_.h5
3451,4_train_0_.h5
3452,4_train_0_.h5
3453,4_train_0_.h5
3455,4_train_0_.h5
3456,4_train_0_.h5
3457,4_train_0_.h5
3458,4_train_0_.h5
3459,4_train_0_.h5
3460,4_train_0_.h5
3462,4_train_0_.h5
3465,4_train_0_.h5
3467,4_train_0_.h5
3468,4_train_0_.h5
3473,4_train_0_.h5
3478,4_train_0_.h5
3481,4_train_0_.h5
3482,4_train_0_.h5
3486,4_train_0_.h5
3489,4_train_0_.h5
3491,4_train_0_.h5
3493,4_train_0_.h5
3502,4_train_0_.h5
3504,4_train_0_.h5
3507,4_train_0_.h5
3508,4_train_0_.h5
3509,4_train_0_.h5
3511,4_train_0_.h5
3514,4_train_0_.h5
3516,4_train_0_.h5
3523,4_train_0_.h5
3528,4_train_0_.h5
3529,4_train_0_.h5
3531,4_train_0_.h5
3532,4_train_0_.h5
3538,4_train_0_.h5
3540,4_train_0_.h5
3541,4_train_0_.h5
3543,4_train_0_.h5
3547,4_train_0_.h5
3548,4_train_0_.h5
3553,4_train_0_.h5
3557,4_train_0_.h5
3558,4_train_0_.h5
3561,4_train_0_.h5
3562,4_train_0_.h5
3572,4_train_0_.h5
3576,4_train_0_.h5
3577,4_train_0_.h5
3580,4_train_0_.h5
3582,4_train_0_.h5
3588,4_train_0_.h5
3589,4_train_0_.h5
3593,4_train_0_.h5
3595,4_train_0_.h5
3597,4_train_0_.h5
3599,4_train_0_.h5
3603,4_train_0_.h5
3605,4_train_0_.h5
3606,4_train_0_.h5
3607,4_train_0_.h5
3608,4_train_0_.h5
3609,4_train_0_.h5
3612,4_train_0_.h5
3615,4_train_0_.h5
3616,4_train_0_.h5
3619,4_train_0_.h5
3620,4_train_0_.h5
3622,4_train_0_.h5
3623,4_train_0_.h5
3624,4_train_0_.h5
3626,4_train_0_.h5
3628,4_train_0_.h5
3629,4_train_0_.h5
3630,4_train_0_.h5
3631,4_train_0_.h5
3632,4_train_0_.h5
3633,4_train_0_.h5
3636,4_train_0_.h5
3637,4_train_0_.h5
3639,4_train_0_.h5
3641,4_train_0_.h5
3643,4_train_0_.h5
3645,4_train_0_.h5
3646,4_train_0_.h5
3647,4_train_0_.h5
3648,4_train_0_.h5
3649,4_train_0_.h5
3651,4_train_0_.h5
3652,4_train_0_.h5
3655,4_train_0_.h5
3657,4_train_0_.h5
3660,4_train_0_.h5
3661,4_train_0_.h5
3662,4_train_0_.h5
3664,4_train_0_.h5
3665,4_train_0_.h5
3666,4_train_0_.h5
3669,4_train_0_.h5
3670,4_train_0_.h5
3674,4_train_0_.h5
3678,4_train_0_.h5
3679,4_train_0_.h5
3680,4_train_0_.h5
3682,4_train_0_.h5
3684,4_train_0_.h5
3688,4_train_0_.h5
3689,4_train_0_.h5
3691,4_train_0_.h5
3692,4_train_0_.h5
3695,4_train_0_.h5
3699,4_train_0_.h5
3700,4_train_0_.h5
3702,4_train_0_.h5
3704,4_train_0_.h5
3705,4_train_0_.h5
3707,4_train_0_.h5
3708,4_train_0_.h5
3710,4_train_0_.h5
3715,4_train_0_.h5
3717,4_train_0_.h5
3718,4_train_0_.h5
3720,4_train_0_.h5
3721,4_train_0_.h5
3722,4_train_0_.h5
3723,4_train_0_.h5
3726,4_train_0_.h5
3727,4_train_0_.h5
3729,4_train_0_.h5
3730,4_train_0_.h5
3731,4_train_0_.h5
3735,4_train_0_.h5
3737,4_train_0_.h5
3739,4_train_0_.h5
3740,4_train_0_.h5
3741,4_train_0_.h5
3742,4_train_0_.h5
3743,4_train_0_.h5
3745,4_train_0_.h5
3746,4_train_0_.h5
3749,4_train_0_.h5
3752,4_train_0_.h5
3753,4_train_0_.h5
3754,4_train_0_.h5
3755,4_train_0_.h5
3757,4_train_0_.h5
3759,4_train_0_.h5
3760,4_train_0_.h5
3763,4_train_0_.h5
3764,4_train_0_.h5
3765,4_train_0_.h5
3770,4_train_0_.h5
3773,4_train_0_.h5
3777,4_train_0_.h5
3779,4_train_0_.h5
3781,4_train_0_.h5
3782,4_train_0_.h5
3783,4_train_0_.h5
3784,4_train_0_.h5
3785,4_train_0_.h5
3786,4_train_0_.h5
3787,4_train_0_.h5
3788,4_train_0_.h5
3791,4_train_0_.h5
3792,4_train_0_.h5
3793,4_train_0_.h5
3796,4_train_0_.h5
3798,4_train_0_.h5
3799,4_train_0_.h5
3800,4_train_0_.h5
3801,4_train_0_.h5
3802,4_train_0_.h5
3803,4_train_0_.h5
3804,4_train_0_.h5
3806,4_train_0_.h5
3807,4_train_0_.h5
3808,4_train_0_.h5
3810,4_train_0_.h5
3812,4_train_0_.h5
3813,4_train_0_.h5
3814,4_train_0_.h5
3815,4_train_0_.h5
3818,4_train_0_.h5
3819,4_train_0_.h5
3820,4_train_0_.h5
3825,4_train_0_.h5
3826,4_train_0_.h5
3827,4_train_0_.h5
3829,4_train_0_.h5
3832,4_train_0_.h5
3834,4_train_0_.h5
3836,4_train_0_.h5
3842,4_train_0_.h5
3843,4_train_0_.h5
3847,4_train_0_.h5
3850,4_train_0_.h5
3852,4_train_0_.h5
3853,4_train_0_.h5
3855,4_train_0_.h5
3857,4_train_0_.h5
3858,4_train_0_.h5
3860,4_train_0_.h5
3861,4_train_0_.h5
3862,4_train_0_.h5
3864,4_train_0_.h5
3868,4_train_0_.h5
3869,4_train_0_.h5
3874,4_train_0_.h5
3877,4_train_0_.h5
3881,4_train_0_.h5
3884,4_train_0_.h5
3885,4_train_0_.h5
3886,4_train_0_.h5
3888,4_train_0_.h5
3890,4_train_0_.h5
3892,4_train_0_.h5
3895,4_train_0_.h5
3896,4_train_0_.h5
3897,4_train_0_.h5
3901,4_train_0_.h5
3904,4_train_0_.h5
3905,4_train_0_.h5
3906,4_train_0_.h5
3907,4_train_0_.h5
3910,4_train_0_.h5
3914,4_train_0_.h5
3916,4_train_0_.h5
3917,4_train_0_.h5
3918,4_train_0_.h5
3919,4_train_0_.h5
3920,4_train_0_.h5
3922,4_train_0_.h5
3925,4_train_0_.h5
3929,4_train_0_.h5
3932,4_train_0_.h5
3933,4_train_0_.h5
3936,4_train_0_.h5
3937,4_train_0_.h5
3940,4_train_0_.h5
3942,4_train_0_.h5
3948,4_train_0_.h5
3949,4_train_0_.h5
3950,4_train_0_.h5
3951,4_train_0_.h5
3954,4_train_0_.h5
3958,4_train_0_.h5
3960,4_train_0_.h5
3961,4_train_0_.h5
3962,4_train_0_.h5
3964,4_train_0_.h5
3965,4_train_0_.h5
3967,4_train_0_.h5
3971,4_train_0_.h5
3972,4_train_0_.h5
3973,4_train_0_.h5
3974,4_train_0_.h5
3975,4_train_0_.h5
3979,4_train_0_.h5
3981,4_train_0_.h5
3983,4_train_0_.h5
3984,4_train_0_.h5
3987,4_train_0_.h5
3989,4_train_0_.h5
3992,4_train_0_.h5
3993,4_train_0_.h5
3994,4_train_0_.h5
3999,4_train_0_.h5
4000,4_train_0_.h5
4002,4_train_0_.h5
4004,4_train_0_.h5
4005,4_train_0_.h5
4006,4_train_0_.h5
4007,4_train_0_.h5
4011,4_train_0_.h5
4013,4_train_0_.h5
4016,4_train_0_.h5
4017,4_train_0_.h5
4022,4_train_0_.h5
4025,4_train_0_.h5
4026,4_train_0_.h5
4027,4_train_0_.h5
4029,4_train_0_.h5
4030,4_train_0_.h5
4034,4_train_0_.h5
4035,4_train_0_.h5
4036,4_train_0_.h5
4040,4_train_0_.h5
4041,4_train_0_.h5
4043,4_train_0_.h5
4047,4_train_0_.h5
4048,4_train_0_.h5
4049,4_train_0_.h5
4050,4_train_0_.h5
4051,4_train_0_.h5
4052,4_train_0_.h5
4054,4_train_0_.h5
4055,4_train_0_.h5
4057,4_train_0_.h5
4062,4_train_0_.h5
4065,4_train_0_.h5
4066,4_train_0_.h5
4067,4_train_0_.h5
4070,4_train_0_.h5
4072,4_train_0_.h5
4075,4_train_0_.h5
4076,4_train_0_.h5
4077,4_train_0_.h5
4082,4_train_0_.h5
4084,4_train_0_.h5
4086,4_train_0_.h5
4087,4_train_0_.h5
4090,4_train_0_.h5
4092,4_train_0_.h5
4098,4_train_0_.h5
4099,4_train_0_.h5
4100,4_train_0_.h5
4102,4_train_0_.h5
4103,4_train_0_.h5
4104,4_train_0_.h5
4106,4_train_0_.h5
4107,4_train_0_.h5
4108,4_train_0_.h5
4110,4_train_0_.h5
4114,4_train_0_.h5
4122,4_train_0_.h5
4126,4_train_0_.h5
4129,4_train_0_.h5
4130,4_train_0_.h5
4131,4_train_0_.h5
4133,4_train_0_.h5
4135,4_train_0_.h5
4137,4_train_0_.h5
4140,4_train_0_.h5
4141,4_train_0_.h5
4142,4_train_0_.h5
4143,4_train_0_.h5
4144,4_train_0_.h5
4146,4_train_0_.h5
4148,4_train_0_.h5
4149,4_train_0_.h5
4150,4_train_0_.h5
4151,4_train_0_.h5
4153,4_train_0_.h5
4154,4_train_0_.h5
4156,4_train_0_.h5
4157,4_train_0_.h5
4158,4_train_0_.h5
4159,4_train_0_.h5
4160,4_train_0_.h5
4161,4_train_0_.h5
4162,4_train_0_.h5
4165,4_train_0_.h5
4166,4_train_0_.h5
4169,4_train_0_.h5
4172,4_train_0_.h5
4177,4_train_0_.h5
4178,4_train_0_.h5
4179,4_train_0_.h5
4180,4_train_0_.h5
4181,4_train_0_.h5
4183,4_train_0_.h5
4185,4_train_0_.h5
4186,4_train_0_.h5
4189,4_train_0_.h5
4190,4_train_0_.h5
4193,4_train_0_.h5
4200,4_train_0_.h5
4202,4_train_0_.h5
4205,4_train_0_.h5
4206,4_train_0_.h5
4207,4_train_0_.h5
4208,4_train_0_.h5
4209,4_train_0_.h5
4211,4_train_0_.h5
4213,4_train_0_.h5
4214,4_train_0_.h5
4218,4_train_0_.h5
4222,4_train_0_.h5
4224,4_train_0_.h5
4225,4_train_0_.h5
4226,4_train_0_.h5
4227,4_train_0_.h5
4228,4_train_0_.h5
4232,4_train_0_.h5
4233,4_train_0_.h5
4234,4_train_0_.h5
4236,4_train_0_.h5
4237,4_train_0_.h5
4238,4_train_0_.h5
4239,4_train_0_.h5
4240,4_train_0_.h5
4242,4_train_0_.h5
4246,4_train_0_.h5
4250,4_train_0_.h5
4252,4_train_0_.h5
4254,4_train_0_.h5
4255,4_train_0_.h5
4257,4_train_0_.h5
4258,4_train_0_.h5
4261,4_train_0_.h5
4262,4_train_0_.h5
4264,4_train_0_.h5
4265,4_train_0_.h5
4266,4_train_0_.h5
4268,4_train_0_.h5
4273,4_train_0_.h5
4278,4_train_0_.h5
4279,4_train_0_.h5
4283,4_train_0_.h5
4284,4_train_0_.h5
4287,4_train_0_.h5
4288,4_train_0_.h5
4289,4_train_0_.h5
4290,4_train_0_.h5
4292,4_train_0_.h5
4294,4_train_0_.h5
4299,4_train_0_.h5
4305,4_train_0_.h5
4308,4_train_0_.h5
4310,4_train_0_.h5
4312,4_train_0_.h5
4313,4_train_0_.h5
4315,4_train_0_.h5
4316,4_train_0_.h5
4317,4_train_0_.h5
4318,4_train_0_.h5
4319,4_train_0_.h5
4320,4_train_0_.h5
4323,4_train_0_.h5
4325,4_train_0_.h5
4327,4_train_0_.h5
4329,4_train_0_.h5
4336,4_train_0_.h5
4338,4_train_0_.h5
4339,4_train_0_.h5
4342,4_train_0_.h5
4344,4_train_0_.h5
4347,4_train_0_.h5
4352,4_train_0_.h5
4357,4_train_0_.h5
4358,4_train_0_.h5
4360,4_train_0_.h5
4361,4_train_0_.h5
4365,4_train_0_.h5
4366,4_train_0_.h5
4368,4_train_0_.h5
4369,4_train_0_.h5
4371,4_train_0_.h5
4373,4_train_0_.h5
4382,4_train_0_.h5
4383,4_train_0_.h5
4384,4_train_0_.h5
4385,4_train_0_.h5
4386,4_train_0_.h5
4390,4_train_0_.h5
4392,4_train_0_.h5
4393,4_train_0_.h5
4394,4_train_0_.h5
4399,4_train_0_.h5
4403,4_train_0_.h5
4404,4_train_0_.h5
4406,4_train_0_.h5
4412,4_train_0_.h5
4413,4_train_0_.h5
4415,4_train_0_.h5
4416,4_train_0_.h5
4423,4_train_0_.h5
4424,4_train_0_.h5
4425,4_train_0_.h5
4426,4_train_0_.h5
4431,4_train_0_.h5
4434,4_train_0_.h5
4435,4_train_0_.h5
4436,4_train_0_.h5
4439,4_train_0_.h5
4440,4_train_0_.h5
4441,4_train_0_.h5
4442,4_train_0_.h5
4443,4_train_0_.h5
4445,4_train_0_.h5
4446,4_train_0_.h5
4447,4_train_0_.h5
4448,4_train_0_.h5
4449,4_train_0_.h5
4451,4_train_0_.h5
4452,4_train_0_.h5
4453,4_train_0_.h5
4454,4_train_0_.h5
4456,4_train_0_.h5
4458,4_train_0_.h5
4461,4_train_0_.h5
4462,4_train_0_.h5
4463,4_train_0_.h5
4464,4_train_0_.h5
4466,4_train_0_.h5
4467,4_train_0_.h5
4469,4_train_0_.h5
4470,4_train_0_.h5
4479,4_train_0_.h5
4481,4_train_0_.h5
4482,4_train_0_.h5
4483,4_train_0_.h5
4485,4_train_0_.h5
4486,4_train_0_.h5
4488,4_train_0_.h5
4493,4_train_0_.h5
4495,4_train_0_.h5
4496,4_train_0_.h5
4497,4_train_0_.h5
4498,4_train_0_.h5
4499,4_train_0_.h5
4503,4_train_0_.h5
4506,4_train_0_.h5
4507,4_train_0_.h5
4509,4_train_0_.h5
4515,4_train_0_.h5
4517,4_train_0_.h5
4518,4_train_0_.h5
4519,4_train_0_.h5
4520,4_train_0_.h5
4522,4_train_0_.h5
4523,4_train_0_.h5
4524,4_train_0_.h5
4526,4_train_0_.h5
4527,4_train_0_.h5
4529,4_train_0_.h5
4530,4_train_0_.h5
4531,4_train_0_.h5
4532,4_train_0_.h5
4538,4_train_0_.h5
4540,4_train_0_.h5
4542,4_train_0_.h5
4543,4_train_0_.h5
4544,4_train_0_.h5
4546,4_train_0_.h5
4548,4_train_0_.h5
4551,4_train_0_.h5
4552,4_train_0_.h5
4554,4_train_0_.h5
4555,4_train_0_.h5
4557,4_train_0_.h5
4559,4_train_0_.h5
4561,4_train_0_.h5
4562,4_train_0_.h5
4563,4_train_0_.h5
4564,4_train_0_.h5
4565,4_train_0_.h5
4570,4_train_0_.h5
4574,4_train_0_.h5
4577,4_train_0_.h5
4580,4_train_0_.h5
4581,4_train_0_.h5
4582,4_train_0_.h5
4583,4_train_0_.h5
4587,4_train_0_.h5
4589,4_train_0_.h5
4590,4_train_0_.h5
4593,4_train_0_.h5
4594,4_train_0_.h5
4595,4_train_0_.h5
4596,4_train_0_.h5
4598,4_train_0_.h5
4599,4_train_0_.h5
4600,4_train_0_.h5
4601,4_train_0_.h5
4602,4_train_0_.h5
4603,4_train_0_.h5
4605,4_train_0_.h5
4607,4_train_0_.h5
4609,4_train_0_.h5
4611,4_train_0_.h5
4617,4_train_0_.h5
4620,4_train_0_.h5
4621,4_train_0_.h5
4622,4_train_0_.h5
4628,4_train_0_.h5
4631,4_train_0_.h5
4638,4_train_0_.h5
4639,4_train_0_.h5
4642,4_train_0_.h5
4643,4_train_0_.h5
4644,4_train_0_.h5
4646,4_train_0_.h5
4648,4_train_0_.h5
4649,4_train_0_.h5
4651,4_train_0_.h5
4652,4_train_0_.h5
4653,4_train_0_.h5
4654,4_train_0_.h5
4655,4_train_0_.h5
4657,4_train_0_.h5
4659,4_train_0_.h5
4660,4_train_0_.h5
4661,4_train_0_.h5
4664,4_train_0_.h5
4665,4_train_0_.h5
4666,4_train_0_.h5
4668,4_train_0_.h5
4672,4_train_0_.h5
4674,4_train_0_.h5
4676,4_train_0_.h5
4678,4_train_0_.h5
4679,4_train_0_.h5
4680,4_train_0_.h5
4682,4_train_0_.h5
4683,4_train_0_.h5
4684,4_train_0_.h5
4685,4_train_0_.h5
4686,4_train_0_.h5
4687,4_train_0_.h5
4690,4_train_0_.h5
4692,4_train_0_.h5
4693,4_train_0_.h5
4697,4_train_0_.h5
4699,4_train_0_.h5
4700,4_train_0_.h5
4701,4_train_0_.h5
4707,4_train_0_.h5
4708,4_train_0_.h5
4709,4_train_0_.h5
4714,4_train_0_.h5
4716,4_train_0_.h5
4718,4_train_0_.h5
4719,4_train_0_.h5
4726,4_train_0_.h5
4728,4_train_0_.h5
4732,4_train_0_.h5
4733,4_train_0_.h5
4735,4_train_0_.h5
4736,4_train_0_.h5
4739,4_train_0_.h5
4741,4_train_0_.h5
4745,4_train_0_.h5
4746,4_train_0_.h5
4749,4_train_0_.h5
4750,4_train_0_.h5
4751,4_train_0_.h5
4752,4_train_0_.h5
4753,4_train_0_.h5
4755,4_train_0_.h5
4756,4_train_0_.h5
4758,4_train_0_.h5
4761,4_train_0_.h5
4764,4_train_0_.h5
4765,4_train_0_.h5
4766,4_train_0_.h5
4768,4_train_0_.h5
4769,4_train_0_.h5
4770,4_train_0_.h5
4772,4_train_0_.h5
4773,4_train_0_.h5
4774,4_train_0_.h5
4777,4_train_0_.h5
4778,4_train_0_.h5
4779,4_train_0_.h5
4781,4_train_0_.h5
4782,4_train_0_.h5
4785,4_train_0_.h5
4786,4_train_0_.h5
4788,4_train_0_.h5
4789,4_train_0_.h5
4793,4_train_0_.h5
4794,4_train_0_.h5
4795,4_train_0_.h5
4798,4_train_0_.h5
4801,4_train_0_.h5
4803,4_train_0_.h5
4807,4_train_0_.h5
4809,4_train_0_.h5
4810,4_train_0_.h5
4811,4_train_0_.h5
4815,4_train_0_.h5
4816,4_train_0_.h5
4817,4_train_0_.h5
4818,4_train_0_.h5
4820,4_train_0_.h5
4829,4_train_0_.h5
4830,4_train_0_.h5
4835,4_train_0_.h5
4837,4_train_0_.h5
4840,4_train_0_.h5
4841,4_train_0_.h5
4844,4_train_0_.h5
4847,4_train_0_.h5
4849,4_train_0_.h5
4854,4_train_0_.h5
4855,4_train_0_.h5
4857,4_train_0_.h5
4858,4_train_0_.h5
4859,4_train_0_.h5
4861,4_train_0_.h5
4862,4_train_0_.h5
4863,4_train_0_.h5
4867,4_train_0_.h5
4872,4_train_0_.h5
4874,4_train_0_.h5
4876,4_train_0_.h5
4877,4_train_0_.h5
4881,4_train_0_.h5
4883,4_train_0_.h5
4884,4_train_0_.h5
4885,4_train_0_.h5
4886,4_train_0_.h5
4888,4_train_0_.h5
4891,4_train_0_.h5
4892,4_train_0_.h5
4893,4_train_0_.h5
4898,4_train_0_.h5
4899,4_train_0_.h5
4900,4_train_0_.h5
4903,4_train_0_.h5
4905,4_train_0_.h5
4906,4_train_0_.h5
4907,4_train_0_.h5
4909,4_train_0_.h5
4910,4_train_0_.h5
4916,4_train_0_.h5
4917,4_train_0_.h5
4921,4_train_0_.h5
4929,4_train_0_.h5
4930,4_train_0_.h5
4931,4_train_0_.h5
4932,4_train_0_.h5
4933,4_train_0_.h5
4936,4_train_0_.h5
4937,4_train_0_.h5
4940,4_train_0_.h5
4943,4_train_0_.h5
4947,4_train_0_.h5
4949,4_train_0_.h5
4952,4_train_0_.h5
4953,4_train_0_.h5
4954,4_train_0_.h5
4956,4_train_0_.h5
4958,4_train_0_.h5
4961,4_train_0_.h5
4965,4_train_0_.h5
4972,4_train_0_.h5
4973,4_train_0_.h5
4977,4_train_0_.h5
4979,4_train_0_.h5
4983,4_train_0_.h5
4988,4_train_0_.h5
4990,4_train_0_.h5
4991,4_train_0_.h5
4993,4_train_0_.h5
4994,4_train_0_.h5
4995,4_train_0_.h5
4997,4_train_0_.h5
4998,4_train_0_.h5
5000,4_train_0_.h5
5001,4_train_0_.h5
5007,4_train_0_.h5
5015,4_train_0_.h5
5019,4_train_0_.h5
5020,4_train_0_.h5
5021,4_train_0_.h5
5022,4_train_0_.h5
5023,4_train_0_.h5
5024,4_train_0_.h5
5025,4_train_0_.h5
5026,4_train_0_.h5
5030,4_train_0_.h5
5032,4_train_0_.h5
5033,4_train_0_.h5
5034,4_train_0_.h5
5035,4_train_0_.h5
5036,4_train_0_.h5
5038,4_train_0_.h5
5040,4_train_0_.h5
5041,4_train_0_.h5
5044,4_train_0_.h5
5046,4_train_0_.h5
5047,4_train_0_.h5
5049,4_train_0_.h5
5051,4_train_0_.h5
5053,4_train_0_.h5
5054,4_train_0_.h5
5057,4_train_0_.h5
5062,4_train_0_.h5
5063,4_train_0_.h5
5068,4_train_0_.h5
5072,4_train_0_.h5
5074,4_train_0_.h5
5075,4_train_0_.h5
5076,4_train_0_.h5
5078,4_train_0_.h5
5083,4_train_0_.h5
5085,4_train_0_.h5
5088,4_train_0_.h5
5089,4_train_0_.h5
5090,4_train_0_.h5
5092,4_train_0_.h5
5094,4_train_0_.h5
5096,4_train_0_.h5
5099,4_train_0_.h5
5101,4_train_0_.h5
5103,4_train_0_.h5
5105,4_train_0_.h5
5106,4_train_0_.h5
5108,4_train_0_.h5
5109,4_train_0_.h5
5111,4_train_0_.h5
5112,4_train_0_.h5
5113,4_train_0_.h5
5114,4_train_0_.h5
5115,4_train_0_.h5
5120,4_train_0_.h5
5122,4_train_0_.h5
5125,4_train_0_.h5
5126,4_train_0_.h5
5129,4_train_0_.h5
5132,4_train_0_.h5
5141,4_train_0_.h5
5143,4_train_0_.h5
5144,4_train_0_.h5
5149,4_train_0_.h5
5150,4_train_0_.h5
5155,4_train_0_.h5
5157,4_train_0_.h5
5161,4_train_0_.h5
5162,4_train_0_.h5
5163,4_train_0_.h5
5165,4_train_0_.h5
5166,4_train_0_.h5
5167,4_train_0_.h5
5169,4_train_0_.h5
5170,4_train_0_.h5
5171,4_train_0_.h5
5172,4_train_0_.h5
5173,4_train_0_.h5
5175,4_train_0_.h5
5178,4_train_0_.h5
5180,4_train_0_.h5
5181,4_train_0_.h5
5183,4_train_0_.h5
5184,4_train_0_.h5
5185,4_train_0_.h5
5188,4_train_0_.h5
5190,4_train_0_.h5
5192,4_train_0_.h5
5194,4_train_0_.h5
5195,4_train_0_.h5
5197,4_train_0_.h5
5199,4_train_0_.h5
5202,4_train_0_.h5
5205,4_train_0_.h5
5207,4_train_0_.h5
5210,4_train_0_.h5
5211,4_train_0_.h5
5212,4_train_0_.h5
5215,4_train_0_.h5
5216,4_train_0_.h5
5218,4_train_0_.h5
5219,4_train_0_.h5
5220,4_train_0_.h5
5223,4_train_0_.h5
5224,4_train_0_.h5
5226,4_train_0_.h5
5228,4_train_0_.h5
5229,4_train_0_.h5
5230,4_train_0_.h5
5231,4_train_0_.h5
5232,4_train_0_.h5
5233,4_train_0_.h5
5234,4_train_0_.h5
5235,4_train_0_.h5
5236,4_train_0_.h5
5237,4_train_0_.h5
5239,4_train_0_.h5
5240,4_train_0_.h5
5245,4_train_0_.h5
5246,4_train_0_.h5
5247,4_train_0_.h5
5250,4_train_0_.h5
5252,4_train_0_.h5
5253,4_train_0_.h5
5254,4_train_0_.h5
5255,4_train_0_.h5
5256,4_train_0_.h5
5257,4_train_0_.h5
5259,4_train_0_.h5
5262,4_train_0_.h5
5263,4_train_0_.h5
5266,4_train_0_.h5
5269,4_train_0_.h5
5270,4_train_0_.h5
5271,4_train_0_.h5
5272,4_train_0_.h5
5274,4_train_0_.h5
5277,4_train_0_.h5
5278,4_train_0_.h5
5285,4_train_0_.h5
5286,4_train_0_.h5
5288,4_train_0_.h5
5290,4_train_0_.h5
5292,4_train_0_.h5
5293,4_train_0_.h5
5295,4_train_0_.h5
5296,4_train_0_.h5
5298,4_train_0_.h5
5299,4_train_0_.h5
5300,4_train_0_.h5
5301,4_train_0_.h5
5302,4_train_0_.h5
5305,4_train_0_.h5
5306,4_train_0_.h5
5309,4_train_0_.h5
5310,4_train_0_.h5
5311,4_train_0_.h5
5313,4_train_0_.h5
5315,4_train_0_.h5
5317,4_train_0_.h5
5318,4_train_0_.h5
5319,4_train_0_.h5
5320,4_train_0_.h5
5321,4_train_0_.h5
5322,4_train_0_.h5
5323,4_train_0_.h5
5324,4_train_0_.h5
5327,4_train_0_.h5
5328,4_train_0_.h5
5329,4_train_0_.h5
5330,4_train_0_.h5
5332,4_train_0_.h5
5334,4_train_0_.h5
5336,4_train_0_.h5
5337,4_train_0_.h5
5338,4_train_0_.h5
5344,4_train_0_.h5
5345,4_train_0_.h5
5346,4_train_0_.h5
5348,4_train_0_.h5
5351,4_train_0_.h5
5352,4_train_0_.h5
5355,4_train_0_.h5
5358,4_train_0_.h5
5360,4_train_0_.h5
5362,4_train_0_.h5
5364,4_train_0_.h5
5366,4_train_0_.h5
5367,4_train_0_.h5
5368,4_train_0_.h5
5369,4_train_0_.h5
5370,4_train_0_.h5
5371,4_train_0_.h5
5372,4_train_0_.h5
5373,4_train_0_.h5
5375,4_train_0_.h5
5377,4_train_0_.h5
5379,4_train_0_.h5
5380,4_train_0_.h5
5382,4_train_0_.h5
5384,4_train_0_.h5
5385,4_train_0_.h5
5386,4_train_0_.h5
5388,4_train_0_.h5
5389,4_train_0_.h5
5397,4_train_0_.h5
5398,4_train_0_.h5
5401,4_train_0_.h5
5404,4_train_0_.h5
5405,4_train_0_.h5
5407,4_train_0_.h5
5409,4_train_0_.h5
5410,4_train_0_.h5
5411,4_train_0_.h5
5412,4_train_0_.h5
5413,4_train_0_.h5
5414,4_train_0_.h5
5415,4_train_0_.h5
5418,4_train_0_.h5
5419,4_train_0_.h5
5420,4_train_0_.h5
5421,4_train_0_.h5
5422,4_train_0_.h5
5424,4_train_0_.h5
5425,4_train_0_.h5
5429,4_train_0_.h5
5430,4_train_0_.h5
5431,4_train_0_.h5
5432,4_train_0_.h5
5433,4_train_0_.h5
5434,4_train_0_.h5
5436,4_train_0_.h5
5437,4_train_0_.h5
5439,4_train_0_.h5
5441,4_train_0_.h5
5442,4_train_0_.h5
5443,4_train_0_.h5
5444,4_train_0_.h5
5446,4_train_0_.h5
5447,4_train_0_.h5
5448,4_train_0_.h5
5450,4_train_0_.h5
5452,4_train_0_.h5
5454,4_train_0_.h5
5455,4_train_0_.h5
5456,4_train_0_.h5
5457,4_train_0_.h5
5458,4_train_0_.h5
5460,4_train_0_.h5
5461,4_train_0_.h5
5465,4_train_0_.h5
5466,4_train_0_.h5
5468,4_train_0_.h5
5470,4_train_0_.h5
5471,4_train_0_.h5
5472,4_train_0_.h5
5474,4_train_0_.h5
5475,4_train_0_.h5
5476,4_train_0_.h5
5477,4_train_0_.h5
5478,4_train_0_.h5
5479,4_train_0_.h5
5481,4_train_0_.h5
5482,4_train_0_.h5
5484,4_train_0_.h5
5486,4_train_0_.h5
5495,4_train_0_.h5
5498,4_train_0_.h5
5500,4_train_0_.h5
5502,4_train_0_.h5
5503,4_train_0_.h5
5505,4_train_0_.h5
5506,4_train_0_.h5
5507,4_train_0_.h5
5511,4_train_0_.h5
5515,4_train_0_.h5
5521,4_train_0_.h5
5522,4_train_0_.h5
5523,4_train_0_.h5
5525,4_train_0_.h5
5526,4_train_0_.h5
5528,4_train_0_.h5
5529,4_train_0_.h5
5532,4_train_0_.h5
5534,4_train_0_.h5
5535,4_train_0_.h5
5540,4_train_0_.h5
5543,4_train_0_.h5
5545,4_train_0_.h5
5547,4_train_0_.h5
5550,4_train_0_.h5
5551,4_train_0_.h5
5552,4_train_0_.h5
5554,4_train_0_.h5
5555,4_train_0_.h5
