3,0_train_0_.h5
6,0_train_0_.h5
7,0_train_0_.h5
11,0_train_0_.h5
12,0_train_0_.h5
13,0_train_0_.h5
19,0_train_0_.h5
21,0_train_0_.h5
22,0_train_0_.h5
23,0_train_0_.h5
26,0_train_0_.h5
28,0_train_0_.h5
29,0_train_0_.h5
3,0_train_0_.h5
6,0_train_0_.h5
7,0_train_0_.h5
11,0_train_0_.h5
12,0_train_0_.h5
13,0_train_0_.h5
19,0_train_0_.h5
21,0_train_0_.h5
22,0_train_0_.h5
23,0_train_0_.h5
26,0_train_0_.h5
28,0_train_0_.h5
29,0_train_0_.h5
35,0_train_0_.h5
37,0_train_0_.h5
38,0_train_0_.h5
39,0_train_0_.h5
40,0_train_0_.h5
41,0_train_0_.h5
42,0_train_0_.h5
43,0_train_0_.h5
44,0_train_0_.h5
45,0_train_0_.h5
46,0_train_0_.h5
